step,train_loss,train_ppl,eval_loss,eval_ppl,lr,tok_s,expert_0_share,expert_1_share,expert_2_share,expert_3_share,expert_dead_count,shared_gate,routed_gate,shared_rms,routed_rms,shared_grad_norm,routed_grad_norm,expert_0_grad_norm,expert_1_grad_norm,expert_2_grad_norm,expert_3_grad_norm,expert_diversity_loss,expert_diversity_lambda,total_loss
1,12.273241,213895.11,nan,nan,2.631579e-06,3951,nan,nan,nan,nan,0,nan,nan,nan,nan,nan,nan,nan,nan,nan,nan,nan,0.00000000e+00,12.273241
10,12.091919,178424.17,nan,nan,2.631579e-05,92380,nan,nan,nan,nan,0,nan,nan,nan,nan,nan,nan,nan,nan,nan,nan,nan,0.00000000e+00,12.091919
20,11.800799,133358.91,nan,nan,5.263158e-05,124926,nan,nan,nan,nan,0,nan,nan,nan,nan,nan,nan,nan,nan,nan,nan,nan,0.00000000e+00,11.800799
30,11.089542,65482.77,nan,nan,7.894737e-05,123838,nan,nan,nan,nan,0,nan,nan,nan,nan,nan,nan,nan,nan,nan,nan,nan,0.00000000e+00,11.089542
40,10.826466,50335.49,nan,nan,1.052632e-04,125006,nan,nan,nan,nan,0,nan,nan,nan,nan,nan,nan,nan,nan,nan,nan,nan,0.00000000e+00,10.826466
50,10.191431,26673.64,nan,nan,1.315789e-04,124959,nan,nan,nan,nan,0,nan,nan,nan,nan,nan,nan,nan,nan,nan,nan,nan,0.00000000e+00,10.191431
60,9.525578,13705.86,nan,nan,1.578947e-04,123020,nan,nan,nan,nan,0,nan,nan,nan,nan,nan,nan,nan,nan,nan,nan,nan,0.00000000e+00,9.525578
70,8.969318,7858.24,nan,nan,1.842105e-04,124969,nan,nan,nan,nan,0,nan,nan,nan,nan,nan,nan,nan,nan,nan,nan,nan,0.00000000e+00,8.969318
80,8.323627,4120.07,nan,nan,2.105263e-04,123713,nan,nan,nan,nan,0,nan,nan,nan,nan,nan,nan,nan,nan,nan,nan,nan,0.00000000e+00,8.323627
90,7.898624,2693.57,nan,nan,2.368421e-04,124749,nan,nan,nan,nan,0,nan,nan,nan,nan,nan,nan,nan,nan,nan,nan,nan,0.00000000e+00,7.898624
100,7.581105,1960.79,nan,nan,2.631579e-04,124916,nan,nan,nan,nan,0,nan,nan,nan,nan,nan,nan,nan,nan,nan,nan,nan,0.00000000e+00,7.581105
110,7.313373,1500.23,nan,nan,2.894737e-04,123178,nan,nan,nan,nan,0,nan,nan,nan,nan,nan,nan,nan,nan,nan,nan,nan,0.00000000e+00,7.313373
120,7.299609,1479.72,nan,nan,3.157895e-04,124952,nan,nan,nan,nan,0,nan,nan,nan,nan,nan,nan,nan,nan,nan,nan,nan,0.00000000e+00,7.299609
130,7.060751,1165.32,nan,nan,3.421053e-04,125077,nan,nan,nan,nan,0,nan,nan,nan,nan,nan,nan,nan,nan,nan,nan,nan,0.00000000e+00,7.060751
140,6.938068,1030.78,nan,nan,3.684211e-04,124937,nan,nan,nan,nan,0,nan,nan,nan,nan,nan,nan,nan,nan,nan,nan,nan,0.00000000e+00,6.938068
150,6.845710,939.84,nan,nan,3.947368e-04,123880,nan,nan,nan,nan,0,nan,nan,nan,nan,nan,nan,nan,nan,nan,nan,nan,0.00000000e+00,6.845710
160,6.811778,908.48,nan,nan,3.999932e-04,123180,nan,nan,nan,nan,0,nan,nan,nan,nan,nan,nan,nan,nan,nan,nan,nan,0.00000000e+00,6.811778
170,6.703440,815.21,nan,nan,3.999658e-04,123896,nan,nan,nan,nan,0,nan,nan,nan,nan,nan,nan,nan,nan,nan,nan,nan,0.00000000e+00,6.703440
180,6.818762,914.85,nan,nan,3.999172e-04,125149,nan,nan,nan,nan,0,nan,nan,nan,nan,nan,nan,nan,nan,nan,nan,nan,0.00000000e+00,6.818762
190,6.636631,762.52,nan,nan,3.998475e-04,124961,nan,nan,nan,nan,0,nan,nan,nan,nan,nan,nan,nan,nan,nan,nan,nan,0.00000000e+00,6.636631
200,6.488610,657.61,nan,nan,3.997567e-04,124292,nan,nan,nan,nan,0,nan,nan,nan,nan,nan,nan,nan,nan,nan,nan,nan,0.00000000e+00,6.488610
210,6.559740,706.09,nan,nan,3.996448e-04,123151,nan,nan,nan,nan,0,nan,nan,nan,nan,nan,nan,nan,nan,nan,nan,nan,0.00000000e+00,6.559740
220,6.529476,685.04,nan,nan,3.995118e-04,124155,nan,nan,nan,nan,0,nan,nan,nan,nan,nan,nan,nan,nan,nan,nan,nan,0.00000000e+00,6.529476
230,6.614234,745.63,nan,nan,3.993578e-04,123484,nan,nan,nan,nan,0,nan,nan,nan,nan,nan,nan,nan,nan,nan,nan,nan,0.00000000e+00,6.614234
240,6.346621,570.56,nan,nan,3.991827e-04,124139,nan,nan,nan,nan,0,nan,nan,nan,nan,nan,nan,nan,nan,nan,nan,nan,0.00000000e+00,6.346621
250,6.550132,699.34,6.414785,610.81,3.989866e-04,124611,nan,nan,nan,nan,0,nan,nan,nan,nan,nan,nan,nan,nan,nan,nan,nan,0.00000000e+00,6.550132
260,6.358791,577.55,nan,nan,3.987695e-04,15033,nan,nan,nan,nan,0,nan,nan,nan,nan,nan,nan,nan,nan,nan,nan,nan,0.00000000e+00,6.358791
270,6.295859,542.32,nan,nan,3.985313e-04,125105,nan,nan,nan,nan,0,nan,nan,nan,nan,nan,nan,nan,nan,nan,nan,nan,0.00000000e+00,6.295859
280,6.390641,596.24,nan,nan,3.982723e-04,123843,nan,nan,nan,nan,0,nan,nan,nan,nan,nan,nan,nan,nan,nan,nan,nan,0.00000000e+00,6.390641
290,6.463759,641.47,nan,nan,3.979923e-04,123609,nan,nan,nan,nan,0,nan,nan,nan,nan,nan,nan,nan,nan,nan,nan,nan,0.00000000e+00,6.463759
300,6.136834,462.59,nan,nan,3.976915e-04,123964,nan,nan,nan,nan,0,nan,nan,nan,nan,nan,nan,nan,nan,nan,nan,nan,0.00000000e+00,6.136834
310,6.323526,557.54,nan,nan,3.973697e-04,122319,nan,nan,nan,nan,0,nan,nan,nan,nan,nan,nan,nan,nan,nan,nan,nan,0.00000000e+00,6.323526
320,6.290223,539.27,nan,nan,3.970272e-04,124096,nan,nan,nan,nan,0,nan,nan,nan,nan,nan,nan,nan,nan,nan,nan,nan,0.00000000e+00,6.290223
330,6.249229,517.61,nan,nan,3.966639e-04,123741,nan,nan,nan,nan,0,nan,nan,nan,nan,nan,nan,nan,nan,nan,nan,nan,0.00000000e+00,6.249229
340,6.225100,505.27,nan,nan,3.962799e-04,123533,nan,nan,nan,nan,0,nan,nan,nan,nan,nan,nan,nan,nan,nan,nan,nan,0.00000000e+00,6.225100
350,6.180066,483.02,nan,nan,3.958751e-04,124939,nan,nan,nan,nan,0,nan,nan,nan,nan,nan,nan,nan,nan,nan,nan,nan,0.00000000e+00,6.180066
360,6.090162,441.49,nan,nan,3.954498e-04,122400,nan,nan,nan,nan,0,nan,nan,nan,nan,nan,nan,nan,nan,nan,nan,nan,0.00000000e+00,6.090162
370,6.088009,440.54,nan,nan,3.950038e-04,123482,nan,nan,nan,nan,0,nan,nan,nan,nan,nan,nan,nan,nan,nan,nan,nan,0.00000000e+00,6.088009
380,6.133240,460.93,nan,nan,3.945373e-04,124141,nan,nan,nan,nan,0,nan,nan,nan,nan,nan,nan,nan,nan,nan,nan,nan,0.00000000e+00,6.133240
390,5.965057,389.58,nan,nan,3.940503e-04,123527,nan,nan,nan,nan,0,nan,nan,nan,nan,nan,nan,nan,nan,nan,nan,nan,0.00000000e+00,5.965057
400,6.153698,470.45,nan,nan,3.935429e-04,123578,nan,nan,nan,nan,0,nan,nan,nan,nan,nan,nan,nan,nan,nan,nan,nan,0.00000000e+00,6.153698
410,5.953024,384.92,nan,nan,3.930152e-04,121672,nan,nan,nan,nan,0,nan,nan,nan,nan,nan,nan,nan,nan,nan,nan,nan,0.00000000e+00,5.953024
420,6.061747,429.12,nan,nan,3.924671e-04,125000,nan,nan,nan,nan,0,nan,nan,nan,nan,nan,nan,nan,nan,nan,nan,nan,0.00000000e+00,6.061747
430,5.921073,372.81,nan,nan,3.918988e-04,124991,nan,nan,nan,nan,0,nan,nan,nan,nan,nan,nan,nan,nan,nan,nan,nan,0.00000000e+00,5.921073
440,5.728052,307.37,nan,nan,3.913103e-04,125272,nan,nan,nan,nan,0,nan,nan,nan,nan,nan,nan,nan,nan,nan,nan,nan,0.00000000e+00,5.728052
450,5.980237,395.53,nan,nan,3.907017e-04,124516,nan,nan,nan,nan,0,nan,nan,nan,nan,nan,nan,nan,nan,nan,nan,nan,0.00000000e+00,5.980237
460,6.033336,417.10,nan,nan,3.900731e-04,121799,nan,nan,nan,nan,0,nan,nan,nan,nan,nan,nan,nan,nan,nan,nan,nan,0.00000000e+00,6.033336
470,5.956898,386.41,nan,nan,3.894245e-04,124933,nan,nan,nan,nan,0,nan,nan,nan,nan,nan,nan,nan,nan,nan,nan,nan,0.00000000e+00,5.956898
480,5.826216,339.07,nan,nan,3.887560e-04,123853,nan,nan,nan,nan,0,nan,nan,nan,nan,nan,nan,nan,nan,nan,nan,nan,0.00000000e+00,5.826216
490,5.961145,388.05,nan,nan,3.880678e-04,124073,nan,nan,nan,nan,0,nan,nan,nan,nan,nan,nan,nan,nan,nan,nan,nan,0.00000000e+00,5.961145
500,6.009476,407.27,5.961939,388.36,3.873598e-04,123444,nan,nan,nan,nan,0,nan,nan,nan,nan,nan,nan,nan,nan,nan,nan,nan,0.00000000e+00,6.009476
510,5.819680,336.86,nan,nan,3.866321e-04,51436,nan,nan,nan,nan,0,nan,nan,nan,nan,nan,nan,nan,nan,nan,nan,nan,0.00000000e+00,5.819680
520,5.719039,304.61,nan,nan,3.858849e-04,124264,nan,nan,nan,nan,0,nan,nan,nan,nan,nan,nan,nan,nan,nan,nan,nan,0.00000000e+00,5.719039
530,5.780993,324.08,nan,nan,3.851183e-04,124567,nan,nan,nan,nan,0,nan,nan,nan,nan,nan,nan,nan,nan,nan,nan,nan,0.00000000e+00,5.780993
540,5.791400,327.47,nan,nan,3.843323e-04,123697,nan,nan,nan,nan,0,nan,nan,nan,nan,nan,nan,nan,nan,nan,nan,nan,0.00000000e+00,5.791400
550,6.108335,449.59,nan,nan,3.835269e-04,125014,nan,nan,nan,nan,0,nan,nan,nan,nan,nan,nan,nan,nan,nan,nan,nan,0.00000000e+00,6.108335
560,5.888562,360.89,nan,nan,3.827024e-04,122113,nan,nan,nan,nan,0,nan,nan,nan,nan,nan,nan,nan,nan,nan,nan,nan,0.00000000e+00,5.888562
570,5.721396,305.33,nan,nan,3.818588e-04,124448,nan,nan,nan,nan,0,nan,nan,nan,nan,nan,nan,nan,nan,nan,nan,nan,0.00000000e+00,5.721396
580,5.347864,210.16,nan,nan,3.809962e-04,124903,nan,nan,nan,nan,0,nan,nan,nan,nan,nan,nan,nan,nan,nan,nan,nan,0.00000000e+00,5.347864
590,6.239552,512.63,nan,nan,3.801147e-04,124369,nan,nan,nan,nan,0,nan,nan,nan,nan,nan,nan,nan,nan,nan,nan,nan,0.00000000e+00,6.239552
600,6.010560,407.71,nan,nan,3.792145e-04,124124,nan,nan,nan,nan,0,nan,nan,nan,nan,nan,nan,nan,nan,nan,nan,nan,0.00000000e+00,6.010560
610,5.880195,357.88,nan,nan,3.782955e-04,121501,nan,nan,nan,nan,0,nan,nan,nan,nan,nan,nan,nan,nan,nan,nan,nan,0.00000000e+00,5.880195
620,5.711269,302.25,nan,nan,3.773580e-04,123437,nan,nan,nan,nan,0,nan,nan,nan,nan,nan,nan,nan,nan,nan,nan,nan,0.00000000e+00,5.711269
630,5.766924,319.55,nan,nan,3.764020e-04,123189,nan,nan,nan,nan,0,nan,nan,nan,nan,nan,nan,nan,nan,nan,nan,nan,0.00000000e+00,5.766924
640,5.790263,327.10,nan,nan,3.754276e-04,123541,nan,nan,nan,nan,0,nan,nan,nan,nan,nan,nan,nan,nan,nan,nan,nan,0.00000000e+00,5.790263
650,5.668707,289.66,nan,nan,3.744350e-04,123267,nan,nan,nan,nan,0,nan,nan,nan,nan,nan,nan,nan,nan,nan,nan,nan,0.00000000e+00,5.668707
660,5.579508,264.94,nan,nan,3.734243e-04,121507,nan,nan,nan,nan,0,nan,nan,nan,nan,nan,nan,nan,nan,nan,nan,nan,0.00000000e+00,5.579508
670,5.363556,213.48,nan,nan,3.723955e-04,123501,nan,nan,nan,nan,0,nan,nan,nan,nan,nan,nan,nan,nan,nan,nan,nan,0.00000000e+00,5.363556
680,5.557983,259.30,nan,nan,3.713489e-04,123490,nan,nan,nan,nan,0,nan,nan,nan,nan,nan,nan,nan,nan,nan,nan,nan,0.00000000e+00,5.557983
690,5.668119,289.49,nan,nan,3.702845e-04,123542,nan,nan,nan,nan,0,nan,nan,nan,nan,nan,nan,nan,nan,nan,nan,nan,0.00000000e+00,5.668119
700,5.590320,267.82,nan,nan,3.692025e-04,123366,nan,nan,nan,nan,0,nan,nan,nan,nan,nan,nan,nan,nan,nan,nan,nan,0.00000000e+00,5.590320
710,5.825128,338.70,nan,nan,3.681030e-04,121513,nan,nan,nan,nan,0,nan,nan,nan,nan,nan,nan,nan,nan,nan,nan,nan,0.00000000e+00,5.825128
720,5.871917,354.93,nan,nan,3.669861e-04,123534,nan,nan,nan,nan,0,nan,nan,nan,nan,nan,nan,nan,nan,nan,nan,nan,0.00000000e+00,5.871917
730,5.851257,347.67,nan,nan,3.658519e-04,123385,nan,nan,nan,nan,0,nan,nan,nan,nan,nan,nan,nan,nan,nan,nan,nan,0.00000000e+00,5.851257
740,5.719607,304.79,nan,nan,3.647007e-04,123515,nan,nan,nan,nan,0,nan,nan,nan,nan,nan,nan,nan,nan,nan,nan,nan,0.00000000e+00,5.719607
750,5.660688,287.35,5.679443,292.79,3.635324e-04,123368,nan,nan,nan,nan,0,nan,nan,nan,nan,nan,nan,nan,nan,nan,nan,nan,0.00000000e+00,5.660688
760,5.700047,298.88,nan,nan,3.623473e-04,50588,nan,nan,nan,nan,0,nan,nan,nan,nan,nan,nan,nan,nan,nan,nan,nan,0.00000000e+00,5.700047
770,5.658701,286.78,nan,nan,3.611455e-04,123522,nan,nan,nan,nan,0,nan,nan,nan,nan,nan,nan,nan,nan,nan,nan,nan,0.00000000e+00,5.658701
780,5.704021,300.07,nan,nan,3.599272e-04,123166,nan,nan,nan,nan,0,nan,nan,nan,nan,nan,nan,nan,nan,nan,nan,nan,0.00000000e+00,5.704021
790,5.817071,335.99,nan,nan,3.586924e-04,123475,nan,nan,nan,nan,0,nan,nan,nan,nan,nan,nan,nan,nan,nan,nan,nan,0.00000000e+00,5.817071
800,5.585835,266.62,nan,nan,3.574413e-04,123861,nan,nan,nan,nan,0,nan,nan,nan,nan,nan,nan,nan,nan,nan,nan,nan,0.00000000e+00,5.585835
810,5.601867,270.93,nan,nan,3.561741e-04,121581,nan,nan,nan,nan,0,nan,nan,nan,nan,nan,nan,nan,nan,nan,nan,nan,0.00000000e+00,5.601867
820,5.898716,364.57,nan,nan,3.548910e-04,123528,nan,nan,nan,nan,0,nan,nan,nan,nan,nan,nan,nan,nan,nan,nan,nan,0.00000000e+00,5.898716
830,5.899869,364.99,nan,nan,3.535920e-04,123361,nan,nan,nan,nan,0,nan,nan,nan,nan,nan,nan,nan,nan,nan,nan,nan,0.00000000e+00,5.899869
840,5.639732,281.39,nan,nan,3.522773e-04,123606,nan,nan,nan,nan,0,nan,nan,nan,nan,nan,nan,nan,nan,nan,nan,nan,0.00000000e+00,5.639732
850,5.660136,287.19,nan,nan,3.509471e-04,123335,nan,nan,nan,nan,0,nan,nan,nan,nan,nan,nan,nan,nan,nan,nan,nan,0.00000000e+00,5.660136
860,5.693419,296.91,nan,nan,3.496015e-04,121496,nan,nan,nan,nan,0,nan,nan,nan,nan,nan,nan,nan,nan,nan,nan,nan,0.00000000e+00,5.693419
870,5.731475,308.42,nan,nan,3.482407e-04,123179,nan,nan,nan,nan,0,nan,nan,nan,nan,nan,nan,nan,nan,nan,nan,nan,0.00000000e+00,5.731475
880,5.708149,301.31,nan,nan,3.468649e-04,123474,nan,nan,nan,nan,0,nan,nan,nan,nan,nan,nan,nan,nan,nan,nan,nan,0.00000000e+00,5.708149
890,5.603873,271.48,nan,nan,3.454742e-04,123131,nan,nan,nan,nan,0,nan,nan,nan,nan,nan,nan,nan,nan,nan,nan,nan,0.00000000e+00,5.603873
900,5.551373,257.59,nan,nan,3.440687e-04,123464,nan,nan,nan,nan,0,nan,nan,nan,nan,nan,nan,nan,nan,nan,nan,nan,0.00000000e+00,5.551373
910,5.772017,321.18,nan,nan,3.426487e-04,121718,nan,nan,nan,nan,0,nan,nan,nan,nan,nan,nan,nan,nan,nan,nan,nan,0.00000000e+00,5.772017
920,5.689697,295.80,nan,nan,3.412143e-04,123311,nan,nan,nan,nan,0,nan,nan,nan,nan,nan,nan,nan,nan,nan,nan,nan,0.00000000e+00,5.689697
930,5.493252,243.05,nan,nan,3.397657e-04,123475,nan,nan,nan,nan,0,nan,nan,nan,nan,nan,nan,nan,nan,nan,nan,nan,0.00000000e+00,5.493252
940,5.522102,250.16,nan,nan,3.383031e-04,123191,nan,nan,nan,nan,0,nan,nan,nan,nan,nan,nan,nan,nan,nan,nan,nan,0.00000000e+00,5.522102
950,5.470085,237.48,nan,nan,3.368265e-04,123313,nan,nan,nan,nan,0,nan,nan,nan,nan,nan,nan,nan,nan,nan,nan,nan,0.00000000e+00,5.470085
960,5.558954,259.55,nan,nan,3.353362e-04,121593,nan,nan,nan,nan,0,nan,nan,nan,nan,nan,nan,nan,nan,nan,nan,nan,0.00000000e+00,5.558954
970,5.496103,243.74,nan,nan,3.338324e-04,123325,nan,nan,nan,nan,0,nan,nan,nan,nan,nan,nan,nan,nan,nan,nan,nan,0.00000000e+00,5.496103
980,5.577694,264.46,nan,nan,3.323153e-04,123312,nan,nan,nan,nan,0,nan,nan,nan,nan,nan,nan,nan,nan,nan,nan,nan,0.00000000e+00,5.577694
990,5.583214,265.92,nan,nan,3.307849e-04,123465,nan,nan,nan,nan,0,nan,nan,nan,nan,nan,nan,nan,nan,nan,nan,nan,0.00000000e+00,5.583214
1000,5.491868,242.71,5.479117,239.64,3.292416e-04,123195,nan,nan,nan,nan,0,nan,nan,nan,nan,nan,nan,nan,nan,nan,nan,nan,0.00000000e+00,5.491868
1010,5.719656,304.80,nan,nan,3.276854e-04,53035,nan,nan,nan,nan,0,nan,nan,nan,nan,nan,nan,nan,nan,nan,nan,nan,0.00000000e+00,5.719656
1020,5.396310,220.59,nan,nan,3.261166e-04,123348,nan,nan,nan,nan,0,nan,nan,nan,nan,nan,nan,nan,nan,nan,nan,nan,0.00000000e+00,5.396310
1030,5.493382,243.08,nan,nan,3.245354e-04,123256,nan,nan,nan,nan,0,nan,nan,nan,nan,nan,nan,nan,nan,nan,nan,nan,0.00000000e+00,5.493382
1040,5.998038,402.64,nan,nan,3.229418e-04,123529,nan,nan,nan,nan,0,nan,nan,nan,nan,nan,nan,nan,nan,nan,nan,nan,0.00000000e+00,5.998038
1050,5.550264,257.31,nan,nan,3.213362e-04,123253,nan,nan,nan,nan,0,nan,nan,nan,nan,nan,nan,nan,nan,nan,nan,nan,0.00000000e+00,5.550264
1060,5.524695,250.81,nan,nan,3.197187e-04,121599,nan,nan,nan,nan,0,nan,nan,nan,nan,nan,nan,nan,nan,nan,nan,nan,0.00000000e+00,5.524695
1070,5.647026,283.45,nan,nan,3.180895e-04,123651,nan,nan,nan,nan,0,nan,nan,nan,nan,nan,nan,nan,nan,nan,nan,nan,0.00000000e+00,5.647026
1080,5.352602,211.16,nan,nan,3.164488e-04,123386,nan,nan,nan,nan,0,nan,nan,nan,nan,nan,nan,nan,nan,nan,nan,nan,0.00000000e+00,5.352602
1090,5.426450,227.34,nan,nan,3.147968e-04,123493,nan,nan,nan,nan,0,nan,nan,nan,nan,nan,nan,nan,nan,nan,nan,nan,0.00000000e+00,5.426450
1100,5.289536,198.25,nan,nan,3.131336e-04,123124,nan,nan,nan,nan,0,nan,nan,nan,nan,nan,nan,nan,nan,nan,nan,nan,0.00000000e+00,5.289536
1110,5.280838,196.53,nan,nan,3.114596e-04,121718,nan,nan,nan,nan,0,nan,nan,nan,nan,nan,nan,nan,nan,nan,nan,nan,0.00000000e+00,5.280838
1120,5.293768,199.09,nan,nan,3.097747e-04,123420,nan,nan,nan,nan,0,nan,nan,nan,nan,nan,nan,nan,nan,nan,nan,nan,0.00000000e+00,5.293768
1130,5.234517,187.64,nan,nan,3.080794e-04,123434,nan,nan,nan,nan,0,nan,nan,nan,nan,nan,nan,nan,nan,nan,nan,nan,0.00000000e+00,5.234517
1140,5.400894,221.60,nan,nan,3.063737e-04,123474,nan,nan,nan,nan,0,nan,nan,nan,nan,nan,nan,nan,nan,nan,nan,nan,0.00000000e+00,5.400894
1150,5.237087,188.12,nan,nan,3.046579e-04,123394,nan,nan,nan,nan,0,nan,nan,nan,nan,nan,nan,nan,nan,nan,nan,nan,0.00000000e+00,5.237087
1160,5.579914,265.05,nan,nan,3.029321e-04,121505,nan,nan,nan,nan,0,nan,nan,nan,nan,nan,nan,nan,nan,nan,nan,nan,0.00000000e+00,5.579914
1170,5.382525,217.57,nan,nan,3.011966e-04,123514,nan,nan,nan,nan,0,nan,nan,nan,nan,nan,nan,nan,nan,nan,nan,nan,0.00000000e+00,5.382525
1180,5.184034,178.40,nan,nan,2.994516e-04,123262,nan,nan,nan,nan,0,nan,nan,nan,nan,nan,nan,nan,nan,nan,nan,nan,0.00000000e+00,5.184034
1190,5.337964,208.09,nan,nan,2.976973e-04,123167,nan,nan,nan,nan,0,nan,nan,nan,nan,nan,nan,nan,nan,nan,nan,nan,0.00000000e+00,5.337964
1200,5.177537,177.25,nan,nan,2.959338e-04,123679,nan,nan,nan,nan,0,nan,nan,nan,nan,nan,nan,nan,nan,nan,nan,nan,0.00000000e+00,5.177537
1210,5.459398,234.96,nan,nan,2.941614e-04,121709,nan,nan,nan,nan,0,nan,nan,nan,nan,nan,nan,nan,nan,nan,nan,nan,0.00000000e+00,5.459398
1220,5.394156,220.12,nan,nan,2.923804e-04,123179,nan,nan,nan,nan,0,nan,nan,nan,nan,nan,nan,nan,nan,nan,nan,nan,0.00000000e+00,5.394156
1230,5.389501,219.09,nan,nan,2.905908e-04,123450,nan,nan,nan,nan,0,nan,nan,nan,nan,nan,nan,nan,nan,nan,nan,nan,0.00000000e+00,5.389501
1240,5.395854,220.49,nan,nan,2.887929e-04,123385,nan,nan,nan,nan,0,nan,nan,nan,nan,nan,nan,nan,nan,nan,nan,nan,0.00000000e+00,5.395854
1250,5.126652,168.45,5.373178,215.55,2.869870e-04,123491,nan,nan,nan,nan,0,nan,nan,nan,nan,nan,nan,nan,nan,nan,nan,nan,0.00000000e+00,5.126652
1260,5.484227,240.86,nan,nan,2.851732e-04,52017,nan,nan,nan,nan,0,nan,nan,nan,nan,nan,nan,nan,nan,nan,nan,nan,0.00000000e+00,5.484227
1270,5.211247,183.32,nan,nan,2.833518e-04,123090,nan,nan,nan,nan,0,nan,nan,nan,nan,nan,nan,nan,nan,nan,nan,nan,0.00000000e+00,5.211247
1280,5.280430,196.45,nan,nan,2.815229e-04,123208,nan,nan,nan,nan,0,nan,nan,nan,nan,nan,nan,nan,nan,nan,nan,nan,0.00000000e+00,5.280430
1290,5.272836,194.97,nan,nan,2.796868e-04,123401,nan,nan,nan,nan,0,nan,nan,nan,nan,nan,nan,nan,nan,nan,nan,nan,0.00000000e+00,5.272836
1300,5.277235,195.83,nan,nan,2.778437e-04,123157,nan,nan,nan,nan,0,nan,nan,nan,nan,nan,nan,nan,nan,nan,nan,nan,0.00000000e+00,5.277235
1310,5.232167,187.20,nan,nan,2.759938e-04,121511,nan,nan,nan,nan,0,nan,nan,nan,nan,nan,nan,nan,nan,nan,nan,nan,0.00000000e+00,5.232167
1320,5.345459,209.65,nan,nan,2.741374e-04,123666,nan,nan,nan,nan,0,nan,nan,nan,nan,nan,nan,nan,nan,nan,nan,nan,0.00000000e+00,5.345459
1330,5.368650,214.57,nan,nan,2.722746e-04,123359,nan,nan,nan,nan,0,nan,nan,nan,nan,nan,nan,nan,nan,nan,nan,nan,0.00000000e+00,5.368650
1340,5.235892,187.90,nan,nan,2.704056e-04,123627,nan,nan,nan,nan,0,nan,nan,nan,nan,nan,nan,nan,nan,nan,nan,nan,0.00000000e+00,5.235892
1350,5.120891,167.48,nan,nan,2.685308e-04,123350,nan,nan,nan,nan,0,nan,nan,nan,nan,nan,nan,nan,nan,nan,nan,nan,0.00000000e+00,5.120891
1360,5.376885,216.35,nan,nan,2.666502e-04,121692,nan,nan,nan,nan,0,nan,nan,nan,nan,nan,nan,nan,nan,nan,nan,nan,0.00000000e+00,5.376885
1370,5.366632,214.14,nan,nan,2.647642e-04,123616,nan,nan,nan,nan,0,nan,nan,nan,nan,nan,nan,nan,nan,nan,nan,nan,0.00000000e+00,5.366632
1380,5.212246,183.51,nan,nan,2.628729e-04,123379,nan,nan,nan,nan,0,nan,nan,nan,nan,nan,nan,nan,nan,nan,nan,nan,0.00000000e+00,5.212246
1390,5.086763,161.87,nan,nan,2.609766e-04,123612,nan,nan,nan,nan,0,nan,nan,nan,nan,nan,nan,nan,nan,nan,nan,nan,0.00000000e+00,5.086763
1400,5.186756,178.89,nan,nan,2.590755e-04,123553,nan,nan,nan,nan,0,nan,nan,nan,nan,nan,nan,nan,nan,nan,nan,nan,0.00000000e+00,5.186756
1410,5.286464,197.64,nan,nan,2.571698e-04,121633,nan,nan,nan,nan,0,nan,nan,nan,nan,nan,nan,nan,nan,nan,nan,nan,0.00000000e+00,5.286464
1420,5.220372,185.00,nan,nan,2.552597e-04,123515,nan,nan,nan,nan,0,nan,nan,nan,nan,nan,nan,nan,nan,nan,nan,nan,0.00000000e+00,5.220372
1430,5.305368,201.42,nan,nan,2.533455e-04,123315,nan,nan,nan,nan,0,nan,nan,nan,nan,nan,nan,nan,nan,nan,nan,nan,0.00000000e+00,5.305368
1440,5.423297,226.63,nan,nan,2.514274e-04,123468,nan,nan,nan,nan,0,nan,nan,nan,nan,nan,nan,nan,nan,nan,nan,nan,0.00000000e+00,5.423297
1450,5.392535,219.76,nan,nan,2.495055e-04,123508,nan,nan,nan,nan,0,nan,nan,nan,nan,nan,nan,nan,nan,nan,nan,nan,0.00000000e+00,5.392535
1460,5.412982,224.30,nan,nan,2.475803e-04,121773,nan,nan,nan,nan,0,nan,nan,nan,nan,nan,nan,nan,nan,nan,nan,nan,0.00000000e+00,5.412982
1470,5.604664,271.69,nan,nan,2.456518e-04,123640,nan,nan,nan,nan,0,nan,nan,nan,nan,nan,nan,nan,nan,nan,nan,nan,0.00000000e+00,5.604664
1480,5.224164,185.71,nan,nan,2.437202e-04,123609,nan,nan,nan,nan,0,nan,nan,nan,nan,nan,nan,nan,nan,nan,nan,nan,0.00000000e+00,5.224164
1490,5.723620,306.01,nan,nan,2.417859e-04,123320,nan,nan,nan,nan,0,nan,nan,nan,nan,nan,nan,nan,nan,nan,nan,nan,0.00000000e+00,5.723620
1500,5.326392,205.69,5.241769,189.00,2.398491e-04,123594,nan,nan,nan,nan,0,nan,nan,nan,nan,nan,nan,nan,nan,nan,nan,nan,0.00000000e+00,5.326392
1510,5.331260,206.70,nan,nan,2.379099e-04,53835,nan,nan,nan,nan,0,nan,nan,nan,nan,nan,nan,nan,nan,nan,nan,nan,0.00000000e+00,5.331260
1520,5.307764,201.90,nan,nan,2.359686e-04,123569,nan,nan,nan,nan,0,nan,nan,nan,nan,nan,nan,nan,nan,nan,nan,nan,0.00000000e+00,5.307764
1530,5.025588,152.26,nan,nan,2.340254e-04,123886,nan,nan,nan,nan,0,nan,nan,nan,nan,nan,nan,nan,nan,nan,nan,nan,0.00000000e+00,5.025588
1540,5.176868,177.13,nan,nan,2.320806e-04,123585,nan,nan,nan,nan,0,nan,nan,nan,nan,nan,nan,nan,nan,nan,nan,nan,0.00000000e+00,5.176868
1550,5.266260,193.69,nan,nan,2.301344e-04,123354,nan,nan,nan,nan,0,nan,nan,nan,nan,nan,nan,nan,nan,nan,nan,nan,0.00000000e+00,5.266260
1560,5.427408,227.56,nan,nan,2.281870e-04,121582,nan,nan,nan,nan,0,nan,nan,nan,nan,nan,nan,nan,nan,nan,nan,nan,0.00000000e+00,5.427408
1570,5.269027,194.23,nan,nan,2.262386e-04,123619,nan,nan,nan,nan,0,nan,nan,nan,nan,nan,nan,nan,nan,nan,nan,nan,0.00000000e+00,5.269027
1580,5.313168,202.99,nan,nan,2.242895e-04,123447,nan,nan,nan,nan,0,nan,nan,nan,nan,nan,nan,nan,nan,nan,nan,nan,0.00000000e+00,5.313168
1590,5.391812,219.60,nan,nan,2.223399e-04,123648,nan,nan,nan,nan,0,nan,nan,nan,nan,nan,nan,nan,nan,nan,nan,nan,0.00000000e+00,5.391812
1600,5.285654,197.48,nan,nan,2.203900e-04,123487,nan,nan,nan,nan,0,nan,nan,nan,nan,nan,nan,nan,nan,nan,nan,nan,0.00000000e+00,5.285654
1610,5.532425,252.76,nan,nan,2.184401e-04,121819,nan,nan,nan,nan,0,nan,nan,nan,nan,nan,nan,nan,nan,nan,nan,nan,0.00000000e+00,5.532425
1620,5.102602,164.45,nan,nan,2.164903e-04,123623,nan,nan,nan,nan,0,nan,nan,nan,nan,nan,nan,nan,nan,nan,nan,nan,0.00000000e+00,5.102602
1630,5.244874,189.59,nan,nan,2.145410e-04,123471,nan,nan,nan,nan,0,nan,nan,nan,nan,nan,nan,nan,nan,nan,nan,nan,0.00000000e+00,5.244874
1640,4.991664,147.18,nan,nan,2.125923e-04,123670,nan,nan,nan,nan,0,nan,nan,nan,nan,nan,nan,nan,nan,nan,nan,nan,0.00000000e+00,4.991664
1650,5.300915,200.52,nan,nan,2.106444e-04,123629,nan,nan,nan,nan,0,nan,nan,nan,nan,nan,nan,nan,nan,nan,nan,nan,0.00000000e+00,5.300915
1660,5.204652,182.12,nan,nan,2.086977e-04,121698,nan,nan,nan,nan,0,nan,nan,nan,nan,nan,nan,nan,nan,nan,nan,nan,0.00000000e+00,5.204652
1670,5.092743,162.84,nan,nan,2.067523e-04,123652,nan,nan,nan,nan,0,nan,nan,nan,nan,nan,nan,nan,nan,nan,nan,nan,0.00000000e+00,5.092743
1680,5.183557,178.32,nan,nan,2.048085e-04,123392,nan,nan,nan,nan,0,nan,nan,nan,nan,nan,nan,nan,nan,nan,nan,nan,0.00000000e+00,5.183557
1690,4.951127,141.33,nan,nan,2.028664e-04,123606,nan,nan,nan,nan,0,nan,nan,nan,nan,nan,nan,nan,nan,nan,nan,nan,0.00000000e+00,4.951127
1700,5.079477,160.69,nan,nan,2.009263e-04,123502,nan,nan,nan,nan,0,nan,nan,nan,nan,nan,nan,nan,nan,nan,nan,nan,0.00000000e+00,5.079477
1710,5.225886,186.03,nan,nan,1.989885e-04,121734,nan,nan,nan,nan,0,nan,nan,nan,nan,nan,nan,nan,nan,nan,nan,nan,0.00000000e+00,5.225886
1720,5.082827,161.23,nan,nan,1.970532e-04,123614,nan,nan,nan,nan,0,nan,nan,nan,nan,nan,nan,nan,nan,nan,nan,nan,0.00000000e+00,5.082827
1730,5.176280,177.02,nan,nan,1.951205e-04,123528,nan,nan,nan,nan,0,nan,nan,nan,nan,nan,nan,nan,nan,nan,nan,nan,0.00000000e+00,5.176280
1740,5.268210,194.07,nan,nan,1.931908e-04,123676,nan,nan,nan,nan,0,nan,nan,nan,nan,nan,nan,nan,nan,nan,nan,nan,0.00000000e+00,5.268210
1750,5.115577,166.60,5.163561,174.79,1.912642e-04,123521,nan,nan,nan,nan,0,nan,nan,nan,nan,nan,nan,nan,nan,nan,nan,nan,0.00000000e+00,5.115577
1760,5.214862,183.99,nan,nan,1.893409e-04,53050,nan,nan,nan,nan,0,nan,nan,nan,nan,nan,nan,nan,nan,nan,nan,nan,0.00000000e+00,5.214862
1770,5.154640,173.23,nan,nan,1.874213e-04,123213,nan,nan,nan,nan,0,nan,nan,nan,nan,nan,nan,nan,nan,nan,nan,nan,0.00000000e+00,5.154640
1780,5.203256,181.86,nan,nan,1.855055e-04,123192,nan,nan,nan,nan,0,nan,nan,nan,nan,nan,nan,nan,nan,nan,nan,nan,0.00000000e+00,5.203256
1790,5.168076,175.58,nan,nan,1.835938e-04,123564,nan,nan,nan,nan,0,nan,nan,nan,nan,nan,nan,nan,nan,nan,nan,nan,0.00000000e+00,5.168076
1800,5.236118,187.94,nan,nan,1.816863e-04,123500,nan,nan,nan,nan,0,nan,nan,nan,nan,nan,nan,nan,nan,nan,nan,nan,0.00000000e+00,5.236118
1810,5.113706,166.29,nan,nan,1.797833e-04,121250,nan,nan,nan,nan,0,nan,nan,nan,nan,nan,nan,nan,nan,nan,nan,nan,0.00000000e+00,5.113706
1820,5.062611,158.00,nan,nan,1.778850e-04,123641,nan,nan,nan,nan,0,nan,nan,nan,nan,nan,nan,nan,nan,nan,nan,nan,0.00000000e+00,5.062611
1830,5.150393,172.50,nan,nan,1.759917e-04,123552,nan,nan,nan,nan,0,nan,nan,nan,nan,nan,nan,nan,nan,nan,nan,nan,0.00000000e+00,5.150393
1840,5.082842,161.23,nan,nan,1.741036e-04,123322,nan,nan,nan,nan,0,nan,nan,nan,nan,nan,nan,nan,nan,nan,nan,nan,0.00000000e+00,5.082842
1850,5.411433,223.95,nan,nan,1.722208e-04,123492,nan,nan,nan,nan,0,nan,nan,nan,nan,nan,nan,nan,nan,nan,nan,nan,0.00000000e+00,5.411433
1860,5.063720,158.18,nan,nan,1.703436e-04,121680,nan,nan,nan,nan,0,nan,nan,nan,nan,nan,nan,nan,nan,nan,nan,nan,0.00000000e+00,5.063720
1870,5.167673,175.51,nan,nan,1.684723e-04,123334,nan,nan,nan,nan,0,nan,nan,nan,nan,nan,nan,nan,nan,nan,nan,nan,0.00000000e+00,5.167673
1880,5.264854,193.42,nan,nan,1.666070e-04,124675,nan,nan,nan,nan,0,nan,nan,nan,nan,nan,nan,nan,nan,nan,nan,nan,0.00000000e+00,5.264854
1890,5.090842,162.53,nan,nan,1.647480e-04,124033,nan,nan,nan,nan,0,nan,nan,nan,nan,nan,nan,nan,nan,nan,nan,nan,0.00000000e+00,5.090842
1900,5.198918,181.08,nan,nan,1.628954e-04,123716,nan,nan,nan,nan,0,nan,nan,nan,nan,nan,nan,nan,nan,nan,nan,nan,0.00000000e+00,5.198918
1910,4.999924,148.40,nan,nan,1.610496e-04,122133,nan,nan,nan,nan,0,nan,nan,nan,nan,nan,nan,nan,nan,nan,nan,nan,0.00000000e+00,4.999924
1920,5.106099,165.03,nan,nan,1.592107e-04,124335,nan,nan,nan,nan,0,nan,nan,nan,nan,nan,nan,nan,nan,nan,nan,nan,0.00000000e+00,5.106099
1930,5.123193,167.87,nan,nan,1.573789e-04,123828,nan,nan,nan,nan,0,nan,nan,nan,nan,nan,nan,nan,nan,nan,nan,nan,0.00000000e+00,5.123193
1940,4.997771,148.08,nan,nan,1.555545e-04,123554,nan,nan,nan,nan,0,nan,nan,nan,nan,nan,nan,nan,nan,nan,nan,nan,0.00000000e+00,4.997771
1950,5.048819,155.84,nan,nan,1.537376e-04,124116,nan,nan,nan,nan,0,nan,nan,nan,nan,nan,nan,nan,nan,nan,nan,nan,0.00000000e+00,5.048819
1960,4.990026,146.94,nan,nan,1.519285e-04,122156,nan,nan,nan,nan,0,nan,nan,nan,nan,nan,nan,nan,nan,nan,nan,nan,0.00000000e+00,4.990026
1970,4.981815,145.74,nan,nan,1.501274e-04,125001,nan,nan,nan,nan,0,nan,nan,nan,nan,nan,nan,nan,nan,nan,nan,nan,0.00000000e+00,4.981815
1980,5.016778,150.92,nan,nan,1.483345e-04,123443,nan,nan,nan,nan,0,nan,nan,nan,nan,nan,nan,nan,nan,nan,nan,nan,0.00000000e+00,5.016778
1990,4.871105,130.47,nan,nan,1.465500e-04,124928,nan,nan,nan,nan,0,nan,nan,nan,nan,nan,nan,nan,nan,nan,nan,nan,0.00000000e+00,4.871105
2000,4.735116,113.88,5.122572,167.77,1.447741e-04,124923,nan,nan,nan,nan,0,nan,nan,nan,nan,nan,nan,nan,nan,nan,nan,nan,0.00000000e+00,4.735116
2010,4.871707,130.54,nan,nan,1.430070e-04,54948,nan,nan,nan,nan,0,nan,nan,nan,nan,nan,nan,nan,nan,nan,nan,nan,0.00000000e+00,4.871707
2020,4.973100,144.47,nan,nan,1.412490e-04,124930,nan,nan,nan,nan,0,nan,nan,nan,nan,nan,nan,nan,nan,nan,nan,nan,0.00000000e+00,4.973100
2030,4.967042,143.60,nan,nan,1.395002e-04,124940,nan,nan,nan,nan,0,nan,nan,nan,nan,nan,nan,nan,nan,nan,nan,nan,0.00000000e+00,4.967042
2040,5.281826,196.73,nan,nan,1.377609e-04,123399,nan,nan,nan,nan,0,nan,nan,nan,nan,nan,nan,nan,nan,nan,nan,nan,0.00000000e+00,5.281826
2050,5.073473,159.73,nan,nan,1.360312e-04,123608,nan,nan,nan,nan,0,nan,nan,nan,nan,nan,nan,nan,nan,nan,nan,nan,0.00000000e+00,5.073473
2060,5.004645,149.10,nan,nan,1.343114e-04,121955,nan,nan,nan,nan,0,nan,nan,nan,nan,nan,nan,nan,nan,nan,nan,nan,0.00000000e+00,5.004645
2070,4.895898,133.74,nan,nan,1.326017e-04,123493,nan,nan,nan,nan,0,nan,nan,nan,nan,nan,nan,nan,nan,nan,nan,nan,0.00000000e+00,4.895898
2080,5.073134,159.67,nan,nan,1.309021e-04,124093,nan,nan,nan,nan,0,nan,nan,nan,nan,nan,nan,nan,nan,nan,nan,nan,0.00000000e+00,5.073134
2090,5.109893,165.65,nan,nan,1.292131e-04,123581,nan,nan,nan,nan,0,nan,nan,nan,nan,nan,nan,nan,nan,nan,nan,nan,0.00000000e+00,5.109893
2100,5.004048,149.02,nan,nan,1.275347e-04,124955,nan,nan,nan,nan,0,nan,nan,nan,nan,nan,nan,nan,nan,nan,nan,nan,0.00000000e+00,5.004048
2110,4.850572,127.81,nan,nan,1.258671e-04,121668,nan,nan,nan,nan,0,nan,nan,nan,nan,nan,nan,nan,nan,nan,nan,nan,0.00000000e+00,4.850572
2120,5.298400,200.02,nan,nan,1.242106e-04,123445,nan,nan,nan,nan,0,nan,nan,nan,nan,nan,nan,nan,nan,nan,nan,nan,0.00000000e+00,5.298400
2130,5.222343,185.37,nan,nan,1.225654e-04,123707,nan,nan,nan,nan,0,nan,nan,nan,nan,nan,nan,nan,nan,nan,nan,nan,0.00000000e+00,5.222343
2140,5.255805,191.68,nan,nan,1.209316e-04,123307,nan,nan,nan,nan,0,nan,nan,nan,nan,nan,nan,nan,nan,nan,nan,nan,0.00000000e+00,5.255805
2150,4.999944,148.40,nan,nan,1.193094e-04,125006,nan,nan,nan,nan,0,nan,nan,nan,nan,nan,nan,nan,nan,nan,nan,nan,0.00000000e+00,4.999944
2160,4.916755,136.56,nan,nan,1.176990e-04,121718,nan,nan,nan,nan,0,nan,nan,nan,nan,nan,nan,nan,nan,nan,nan,nan,0.00000000e+00,4.916755
2170,5.266700,193.78,nan,nan,1.161006e-04,124514,nan,nan,nan,nan,0,nan,nan,nan,nan,nan,nan,nan,nan,nan,nan,nan,0.00000000e+00,5.266700
2180,5.025586,152.26,nan,nan,1.145144e-04,123357,nan,nan,nan,nan,0,nan,nan,nan,nan,nan,nan,nan,nan,nan,nan,nan,0.00000000e+00,5.025586
2190,4.912796,136.02,nan,nan,1.129406e-04,124947,nan,nan,nan,nan,0,nan,nan,nan,nan,nan,nan,nan,nan,nan,nan,nan,0.00000000e+00,4.912796
2200,5.263414,193.14,nan,nan,1.113794e-04,124098,nan,nan,nan,nan,0,nan,nan,nan,nan,nan,nan,nan,nan,nan,nan,nan,0.00000000e+00,5.263414
2210,5.070791,159.30,nan,nan,1.098309e-04,121902,nan,nan,nan,nan,0,nan,nan,nan,nan,nan,nan,nan,nan,nan,nan,nan,0.00000000e+00,5.070791
2220,5.033695,153.50,nan,nan,1.082953e-04,123994,nan,nan,nan,nan,0,nan,nan,nan,nan,nan,nan,nan,nan,nan,nan,nan,0.00000000e+00,5.033695
2230,5.294402,199.22,nan,nan,1.067729e-04,123335,nan,nan,nan,nan,0,nan,nan,nan,nan,nan,nan,nan,nan,nan,nan,nan,0.00000000e+00,5.294402
2240,4.943663,140.28,nan,nan,1.052637e-04,123139,nan,nan,nan,nan,0,nan,nan,nan,nan,nan,nan,nan,nan,nan,nan,nan,0.00000000e+00,4.943663
2250,5.317243,203.82,5.047265,155.60,1.037680e-04,122840,nan,nan,nan,nan,0,nan,nan,nan,nan,nan,nan,nan,nan,nan,nan,nan,0.00000000e+00,5.317243
2260,4.997177,147.99,nan,nan,1.022859e-04,34411,nan,nan,nan,nan,0,nan,nan,nan,nan,nan,nan,nan,nan,nan,nan,nan,0.00000000e+00,4.997177
2270,4.922607,137.36,nan,nan,1.008177e-04,123442,nan,nan,nan,nan,0,nan,nan,nan,nan,nan,nan,nan,nan,nan,nan,nan,0.00000000e+00,4.922607
2280,5.014514,150.58,nan,nan,9.936340e-05,124253,nan,nan,nan,nan,0,nan,nan,nan,nan,nan,nan,nan,nan,nan,nan,nan,0.00000000e+00,5.014514
2290,5.125788,168.31,nan,nan,9.792330e-05,123486,nan,nan,nan,nan,0,nan,nan,nan,nan,nan,nan,nan,nan,nan,nan,nan,0.00000000e+00,5.125788
2300,4.972324,144.36,nan,nan,9.649752e-05,123414,nan,nan,nan,nan,0,nan,nan,nan,nan,nan,nan,nan,nan,nan,nan,nan,0.00000000e+00,4.972324
2310,5.222033,185.31,nan,nan,9.508623e-05,122979,nan,nan,nan,nan,0,nan,nan,nan,nan,nan,nan,nan,nan,nan,nan,nan,0.00000000e+00,5.222033
2320,4.888175,132.71,nan,nan,9.368961e-05,123392,nan,nan,nan,nan,0,nan,nan,nan,nan,nan,nan,nan,nan,nan,nan,nan,0.00000000e+00,4.888175
2330,5.059808,157.56,nan,nan,9.230780e-05,125027,nan,nan,nan,nan,0,nan,nan,nan,nan,nan,nan,nan,nan,nan,nan,nan,0.00000000e+00,5.059808
2340,5.100932,164.17,nan,nan,9.094099e-05,123738,nan,nan,nan,nan,0,nan,nan,nan,nan,nan,nan,nan,nan,nan,nan,nan,0.00000000e+00,5.100932
2350,4.939327,139.68,nan,nan,8.958931e-05,123594,nan,nan,nan,nan,0,nan,nan,nan,nan,nan,nan,nan,nan,nan,nan,nan,0.00000000e+00,4.939327
2360,4.871955,130.58,nan,nan,8.825295e-05,121647,nan,nan,nan,nan,0,nan,nan,nan,nan,nan,nan,nan,nan,nan,nan,nan,0.00000000e+00,4.871955
2370,5.061401,157.81,nan,nan,8.693204e-05,123371,nan,nan,nan,nan,0,nan,nan,nan,nan,nan,nan,nan,nan,nan,nan,nan,0.00000000e+00,5.061401
2380,5.038221,154.20,nan,nan,8.562675e-05,124323,nan,nan,nan,nan,0,nan,nan,nan,nan,nan,nan,nan,nan,nan,nan,nan,0.00000000e+00,5.038221
2390,4.847595,127.43,nan,nan,8.433723e-05,123309,nan,nan,nan,nan,0,nan,nan,nan,nan,nan,nan,nan,nan,nan,nan,nan,0.00000000e+00,4.847595
2400,4.983624,146.00,nan,nan,8.306363e-05,123265,nan,nan,nan,nan,0,nan,nan,nan,nan,nan,nan,nan,nan,nan,nan,nan,0.00000000e+00,4.983624
2410,5.159612,174.10,nan,nan,8.180610e-05,121443,nan,nan,nan,nan,0,nan,nan,nan,nan,nan,nan,nan,nan,nan,nan,nan,0.00000000e+00,5.159612
2420,5.425602,227.15,nan,nan,8.056478e-05,123283,nan,nan,nan,nan,0,nan,nan,nan,nan,nan,nan,nan,nan,nan,nan,nan,0.00000000e+00,5.425602
2430,5.086228,161.78,nan,nan,7.933983e-05,123487,nan,nan,nan,nan,0,nan,nan,nan,nan,nan,nan,nan,nan,nan,nan,nan,0.00000000e+00,5.086228
2440,5.063736,158.18,nan,nan,7.813139e-05,123175,nan,nan,nan,nan,0,nan,nan,nan,nan,nan,nan,nan,nan,nan,nan,nan,0.00000000e+00,5.063736
2450,4.972339,144.36,nan,nan,7.693960e-05,123444,nan,nan,nan,nan,0,nan,nan,nan,nan,nan,nan,nan,nan,nan,nan,nan,0.00000000e+00,4.972339
2460,5.075622,160.07,nan,nan,7.576459e-05,121430,nan,nan,nan,nan,0,nan,nan,nan,nan,nan,nan,nan,nan,nan,nan,nan,0.00000000e+00,5.075622
2470,4.946037,140.62,nan,nan,7.460651e-05,123183,nan,nan,nan,nan,0,nan,nan,nan,nan,nan,nan,nan,nan,nan,nan,nan,0.00000000e+00,4.946037
2480,4.909276,135.54,nan,nan,7.346550e-05,123290,nan,nan,nan,nan,0,nan,nan,nan,nan,nan,nan,nan,nan,nan,nan,nan,0.00000000e+00,4.909276
2490,5.109171,165.53,nan,nan,7.234168e-05,123300,nan,nan,nan,nan,0,nan,nan,nan,nan,nan,nan,nan,nan,nan,nan,nan,0.00000000e+00,5.109171
2500,4.971742,144.28,5.010495,149.98,7.123519e-05,123150,nan,nan,nan,nan,0,nan,nan,nan,nan,nan,nan,nan,nan,nan,nan,nan,0.00000000e+00,4.971742
2510,4.817616,123.67,nan,nan,7.014615e-05,54050,nan,nan,nan,nan,0,nan,nan,nan,nan,nan,nan,nan,nan,nan,nan,nan,0.00000000e+00,4.817616
2520,5.008575,149.69,nan,nan,6.907471e-05,123392,nan,nan,nan,nan,0,nan,nan,nan,nan,nan,nan,nan,nan,nan,nan,nan,0.00000000e+00,5.008575
2530,5.281188,196.60,nan,nan,6.802097e-05,123536,nan,nan,nan,nan,0,nan,nan,nan,nan,nan,nan,nan,nan,nan,nan,nan,0.00000000e+00,5.281188
2540,4.876404,131.16,nan,nan,6.698507e-05,123476,nan,nan,nan,nan,0,nan,nan,nan,nan,nan,nan,nan,nan,nan,nan,nan,0.00000000e+00,4.876404
2550,4.965714,143.41,nan,nan,6.596713e-05,123476,nan,nan,nan,nan,0,nan,nan,nan,nan,nan,nan,nan,nan,nan,nan,nan,0.00000000e+00,4.965714
2560,4.967501,143.67,nan,nan,6.496727e-05,121622,nan,nan,nan,nan,0,nan,nan,nan,nan,nan,nan,nan,nan,nan,nan,nan,0.00000000e+00,4.967501
2570,4.964495,143.24,nan,nan,6.398559e-05,123467,nan,nan,nan,nan,0,nan,nan,nan,nan,nan,nan,nan,nan,nan,nan,nan,0.00000000e+00,4.964495
2580,4.979167,145.35,nan,nan,6.302223e-05,123489,nan,nan,nan,nan,0,nan,nan,nan,nan,nan,nan,nan,nan,nan,nan,nan,0.00000000e+00,4.979167
2590,4.946354,140.66,nan,nan,6.207729e-05,123464,nan,nan,nan,nan,0,nan,nan,nan,nan,nan,nan,nan,nan,nan,nan,nan,0.00000000e+00,4.946354
2600,5.030408,153.00,nan,nan,6.115088e-05,123350,nan,nan,nan,nan,0,nan,nan,nan,nan,nan,nan,nan,nan,nan,nan,nan,0.00000000e+00,5.030408
2610,5.153073,172.96,nan,nan,6.024311e-05,121695,nan,nan,nan,nan,0,nan,nan,nan,nan,nan,nan,nan,nan,nan,nan,nan,0.00000000e+00,5.153073
2620,4.999890,148.40,nan,nan,5.935409e-05,123489,nan,nan,nan,nan,0,nan,nan,nan,nan,nan,nan,nan,nan,nan,nan,nan,0.00000000e+00,4.999890
2630,4.956907,142.15,nan,nan,5.848393e-05,123359,nan,nan,nan,nan,0,nan,nan,nan,nan,nan,nan,nan,nan,nan,nan,nan,0.00000000e+00,4.956907
2640,4.930905,138.50,nan,nan,5.763272e-05,123681,nan,nan,nan,nan,0,nan,nan,nan,nan,nan,nan,nan,nan,nan,nan,nan,0.00000000e+00,4.930905
2650,4.943442,140.25,nan,nan,5.680056e-05,123368,nan,nan,nan,nan,0,nan,nan,nan,nan,nan,nan,nan,nan,nan,nan,nan,0.00000000e+00,4.943442
2660,4.913506,136.12,nan,nan,5.598756e-05,121641,nan,nan,nan,nan,0,nan,nan,nan,nan,nan,nan,nan,nan,nan,nan,nan,0.00000000e+00,4.913506
2670,5.103267,164.56,nan,nan,5.519380e-05,123613,nan,nan,nan,nan,0,nan,nan,nan,nan,nan,nan,nan,nan,nan,nan,nan,0.00000000e+00,5.103267
2680,4.857115,128.65,nan,nan,5.441938e-05,123353,nan,nan,nan,nan,0,nan,nan,nan,nan,nan,nan,nan,nan,nan,nan,nan,0.00000000e+00,4.857115
2690,4.812568,123.05,nan,nan,5.366440e-05,123529,nan,nan,nan,nan,0,nan,nan,nan,nan,nan,nan,nan,nan,nan,nan,nan,0.00000000e+00,4.812568
2700,4.837313,126.13,nan,nan,5.292893e-05,123430,nan,nan,nan,nan,0,nan,nan,nan,nan,nan,nan,nan,nan,nan,nan,nan,0.00000000e+00,4.837313
2710,4.834265,125.75,nan,nan,5.221308e-05,121687,nan,nan,nan,nan,0,nan,nan,nan,nan,nan,nan,nan,nan,nan,nan,nan,0.00000000e+00,4.834265
2720,4.861748,129.25,nan,nan,5.151691e-05,123648,nan,nan,nan,nan,0,nan,nan,nan,nan,nan,nan,nan,nan,nan,nan,nan,0.00000000e+00,4.861748
2730,5.068263,158.90,nan,nan,5.084051e-05,123380,nan,nan,nan,nan,0,nan,nan,nan,nan,nan,nan,nan,nan,nan,nan,nan,0.00000000e+00,5.068263
2740,4.791026,120.42,nan,nan,5.018397e-05,123530,nan,nan,nan,nan,0,nan,nan,nan,nan,nan,nan,nan,nan,nan,nan,nan,0.00000000e+00,4.791026
2750,4.901592,134.50,4.994975,147.67,4.954735e-05,123637,nan,nan,nan,nan,0,nan,nan,nan,nan,nan,nan,nan,nan,nan,nan,nan,0.00000000e+00,4.901592
2760,4.705248,110.53,nan,nan,4.893074e-05,51419,nan,nan,nan,nan,0,nan,nan,nan,nan,nan,nan,nan,nan,nan,nan,nan,0.00000000e+00,4.705248
2770,4.814130,123.24,nan,nan,4.833421e-05,123326,nan,nan,nan,nan,0,nan,nan,nan,nan,nan,nan,nan,nan,nan,nan,nan,0.00000000e+00,4.814130
2780,5.144048,171.41,nan,nan,4.775782e-05,123168,nan,nan,nan,nan,0,nan,nan,nan,nan,nan,nan,nan,nan,nan,nan,nan,0.00000000e+00,5.144048
2790,5.095341,163.26,nan,nan,4.720164e-05,123437,nan,nan,nan,nan,0,nan,nan,nan,nan,nan,nan,nan,nan,nan,nan,nan,0.00000000e+00,5.095341
2800,4.943981,140.33,nan,nan,4.666574e-05,123108,nan,nan,nan,nan,0,nan,nan,nan,nan,nan,nan,nan,nan,nan,nan,nan,0.00000000e+00,4.943981
2810,5.168381,175.63,nan,nan,4.615019e-05,121483,nan,nan,nan,nan,0,nan,nan,nan,nan,nan,nan,nan,nan,nan,nan,nan,0.00000000e+00,5.168381
2820,4.940398,139.83,nan,nan,4.565503e-05,123383,nan,nan,nan,nan,0,nan,nan,nan,nan,nan,nan,nan,nan,nan,nan,nan,0.00000000e+00,4.940398
2830,5.232539,187.27,nan,nan,4.518034e-05,123447,nan,nan,nan,nan,0,nan,nan,nan,nan,nan,nan,nan,nan,nan,nan,nan,0.00000000e+00,5.232539
2840,4.982172,145.79,nan,nan,4.472616e-05,123515,nan,nan,nan,nan,0,nan,nan,nan,nan,nan,nan,nan,nan,nan,nan,nan,0.00000000e+00,4.982172
2850,4.892252,133.25,nan,nan,4.429255e-05,123124,nan,nan,nan,nan,0,nan,nan,nan,nan,nan,nan,nan,nan,nan,nan,nan,0.00000000e+00,4.892252
2860,5.067473,158.77,nan,nan,4.387956e-05,121533,nan,nan,nan,nan,0,nan,nan,nan,nan,nan,nan,nan,nan,nan,nan,nan,0.00000000e+00,5.067473
2870,5.005773,149.27,nan,nan,4.348724e-05,123116,nan,nan,nan,nan,0,nan,nan,nan,nan,nan,nan,nan,nan,nan,nan,nan,0.00000000e+00,5.005773
2880,5.047136,155.58,nan,nan,4.311563e-05,123486,nan,nan,nan,nan,0,nan,nan,nan,nan,nan,nan,nan,nan,nan,nan,nan,0.00000000e+00,5.047136
2890,5.025760,152.29,nan,nan,4.276478e-05,123179,nan,nan,nan,nan,0,nan,nan,nan,nan,nan,nan,nan,nan,nan,nan,nan,0.00000000e+00,5.025760
2900,4.936845,139.33,nan,nan,4.243474e-05,123738,nan,nan,nan,nan,0,nan,nan,nan,nan,nan,nan,nan,nan,nan,nan,nan,0.00000000e+00,4.936845
2910,5.011786,150.17,nan,nan,4.212553e-05,121467,nan,nan,nan,nan,0,nan,nan,nan,nan,nan,nan,nan,nan,nan,nan,nan,0.00000000e+00,5.011786
2920,5.054597,156.74,nan,nan,4.183719e-05,123196,nan,nan,nan,nan,0,nan,nan,nan,nan,nan,nan,nan,nan,nan,nan,nan,0.00000000e+00,5.054597
2930,5.136308,170.09,nan,nan,4.156976e-05,123511,nan,nan,nan,nan,0,nan,nan,nan,nan,nan,nan,nan,nan,nan,nan,nan,0.00000000e+00,5.136308
2940,4.973061,144.47,nan,nan,4.132327e-05,123332,nan,nan,nan,nan,0,nan,nan,nan,nan,nan,nan,nan,nan,nan,nan,nan,0.00000000e+00,4.973061
2950,5.043615,155.03,nan,nan,4.109775e-05,123320,nan,nan,nan,nan,0,nan,nan,nan,nan,nan,nan,nan,nan,nan,nan,nan,0.00000000e+00,5.043615
2960,5.303116,200.96,nan,nan,4.089323e-05,121443,nan,nan,nan,nan,0,nan,nan,nan,nan,nan,nan,nan,nan,nan,nan,nan,0.00000000e+00,5.303116
2970,4.962412,142.94,nan,nan,4.070972e-05,123282,nan,nan,nan,nan,0,nan,nan,nan,nan,nan,nan,nan,nan,nan,nan,nan,0.00000000e+00,4.962412
2980,4.991437,147.15,nan,nan,4.054726e-05,123075,nan,nan,nan,nan,0,nan,nan,nan,nan,nan,nan,nan,nan,nan,nan,nan,0.00000000e+00,4.991437
2990,4.915037,136.32,nan,nan,4.040585e-05,123399,nan,nan,nan,nan,0,nan,nan,nan,nan,nan,nan,nan,nan,nan,nan,nan,0.00000000e+00,4.915037
3000,5.117984,167.00,4.963167,143.05,4.028552e-05,123113,nan,nan,nan,nan,0,nan,nan,nan,nan,nan,nan,nan,nan,nan,nan,nan,0.00000000e+00,5.117984
3010,4.926175,137.85,nan,nan,4.018628e-05,54085,nan,nan,nan,nan,0,nan,nan,nan,nan,nan,nan,nan,nan,nan,nan,nan,0.00000000e+00,4.926175
3020,4.831547,125.40,nan,nan,4.010814e-05,123293,nan,nan,nan,nan,0,nan,nan,nan,nan,nan,nan,nan,nan,nan,nan,nan,0.00000000e+00,4.831547
3030,4.953123,141.62,nan,nan,4.005112e-05,123172,nan,nan,nan,nan,0,nan,nan,nan,nan,nan,nan,nan,nan,nan,nan,nan,0.00000000e+00,4.953123
3040,4.957287,142.21,nan,nan,4.001521e-05,123511,nan,nan,nan,nan,0,nan,nan,nan,nan,nan,nan,nan,nan,nan,nan,nan,0.00000000e+00,4.957287
3050,4.848193,127.51,nan,nan,4.000042e-05,123267,nan,nan,nan,nan,0,nan,nan,nan,nan,nan,nan,nan,nan,nan,nan,nan,0.00000000e+00,4.848193
